{
	"format_version": "1.21.6",
	"textures": {
		"0": "block/resin_bricks",
		"particle": "block/resin_bricks"
	},
	"elements": [
		{
			"from": [0, 0, 0],
			"to": [4, 2, 4],
			"faces": {
				"north": {"uv": [10, 13, 14, 15], "texture": "#0"},
				"east": {"uv": [10, 13, 14, 15], "texture": "#0"},
				"south": {"uv": [10, 13, 14, 15], "texture": "#0"},
				"west": {"uv": [10, 13, 14, 15], "texture": "#0"},
				"up": {"uv": [6, 9, 10, 13], "texture": "#0"}
			}
		},
		{
			"from": [6, 0, 0],
			"to": [8, 2, 6],
			"rotation": {"angle": 0, "axis": "y", "origin": [4, 0, 0]},
			"faces": {
				"north": {"uv": [10, 13, 12, 15], "texture": "#0"},
				"east": {"uv": [8, 13, 14, 15], "texture": "#0"},
				"south": {"uv": [10, 9, 12, 11], "texture": "#0"},
				"west": {"uv": [8, 13, 14, 15], "texture": "#0"},
				"up": {"uv": [10, 9, 12, 13], "texture": "#0"}
			}
		},
		{
			"from": [1, 2, 0],
			"to": [3, 3, 4],
			"rotation": {"angle": 0, "axis": "y", "origin": [1, 2, 0]},
			"faces": {
				"north": {"uv": [2, 8, 4, 9], "texture": "#0"},
				"east": {"uv": [2, 8, 6, 9], "texture": "#0"},
				"south": {"uv": [2, 8, 4, 9], "texture": "#0"},
				"west": {"uv": [2, 8, 6, 9], "texture": "#0"},
				"up": {"uv": [2, 8, 6, 10], "rotation": 90, "texture": "#0"}
			}
		},
		{
			"from": [1, 0, 5],
			"to": [5, 2, 9],
			"rotation": {"angle": 0, "axis": "y", "origin": [1, 0, 5]},
			"faces": {
				"north": {"uv": [10, 13, 14, 15], "texture": "#0"},
				"east": {"uv": [10, 13, 14, 15], "texture": "#0"},
				"south": {"uv": [10, 13, 14, 15], "texture": "#0"},
				"west": {"uv": [10, 13, 14, 15], "texture": "#0"},
				"up": {"uv": [6, 9, 10, 13], "texture": "#0"}
			}
		},
		{
			"from": [2, 2, 5],
			"to": [4, 3, 9],
			"rotation": {"angle": 0, "axis": "y", "origin": [2, 2, 5]},
			"faces": {
				"north": {"uv": [2, 8, 4, 9], "texture": "#0"},
				"east": {"uv": [2, 8, 6, 9], "texture": "#0"},
				"south": {"uv": [2, 8, 4, 9], "texture": "#0"},
				"west": {"uv": [2, 8, 6, 9], "texture": "#0"},
				"up": {"uv": [2, 8, 6, 10], "rotation": 90, "texture": "#0"}
			}
		},
		{
			"from": [3, 2, 11],
			"to": [5, 3, 15],
			"rotation": {"angle": 0, "axis": "y", "origin": [3, 2, 11]},
			"faces": {
				"north": {"uv": [2, 8, 4, 9], "texture": "#0"},
				"east": {"uv": [2, 8, 6, 9], "texture": "#0"},
				"south": {"uv": [2, 8, 4, 9], "texture": "#0"},
				"west": {"uv": [2, 8, 6, 9], "texture": "#0"},
				"up": {"uv": [2, 8, 6, 10], "rotation": 90, "texture": "#0"}
			}
		},
		{
			"from": [2, 0, 11],
			"to": [6, 2, 15],
			"rotation": {"angle": 0, "axis": "y", "origin": [2, 0, 11]},
			"faces": {
				"north": {"uv": [10, 13, 14, 15], "texture": "#0"},
				"east": {"uv": [10, 13, 14, 15], "texture": "#0"},
				"south": {"uv": [10, 13, 14, 15], "texture": "#0"},
				"west": {"uv": [10, 13, 14, 15], "texture": "#0"},
				"up": {"uv": [6, 9, 10, 13], "texture": "#0"}
			}
		},
		{
			"from": [12, 0, 8],
			"to": [16, 2, 12],
			"rotation": {"angle": 0, "axis": "y", "origin": [12, 0, 8]},
			"faces": {
				"north": {"uv": [10, 13, 14, 15], "texture": "#0"},
				"east": {"uv": [10, 13, 14, 15], "texture": "#0"},
				"south": {"uv": [10, 13, 14, 15], "texture": "#0"},
				"west": {"uv": [10, 13, 14, 15], "texture": "#0"},
				"up": {"uv": [6, 9, 10, 13], "texture": "#0"}
			}
		},
		{
			"from": [13, 2, 8],
			"to": [15, 3, 12],
			"rotation": {"angle": 0, "axis": "y", "origin": [13, 2, 8]},
			"faces": {
				"north": {"uv": [2, 8, 4, 9], "texture": "#0"},
				"east": {"uv": [2, 8, 6, 9], "texture": "#0"},
				"south": {"uv": [2, 8, 4, 9], "texture": "#0"},
				"west": {"uv": [2, 8, 6, 9], "texture": "#0"},
				"up": {"uv": [2, 8, 6, 10], "rotation": 90, "texture": "#0"}
			}
		},
		{
			"from": [7, 0, 12],
			"to": [11, 2, 16],
			"rotation": {"angle": 0, "axis": "y", "origin": [7, 0, 12]},
			"faces": {
				"north": {"uv": [10, 13, 14, 15], "texture": "#0"},
				"east": {"uv": [10, 13, 14, 15], "texture": "#0"},
				"south": {"uv": [10, 13, 14, 15], "texture": "#0"},
				"west": {"uv": [10, 13, 14, 15], "texture": "#0"},
				"up": {"uv": [6, 9, 10, 13], "texture": "#0"}
			}
		},
		{
			"from": [8, 2, 12],
			"to": [10, 3, 16],
			"rotation": {"angle": 0, "axis": "y", "origin": [8, 2, 12]},
			"faces": {
				"north": {"uv": [2, 8, 4, 9], "texture": "#0"},
				"east": {"uv": [2, 8, 6, 9], "texture": "#0"},
				"south": {"uv": [2, 8, 4, 9], "texture": "#0"},
				"west": {"uv": [2, 8, 6, 9], "texture": "#0"},
				"up": {"uv": [2, 8, 6, 10], "rotation": 90, "texture": "#0"}
			}
		},
		{
			"from": [9, 0, 0],
			"to": [13, 2, 4],
			"rotation": {"angle": 0, "axis": "y", "origin": [9, 0, 0]},
			"faces": {
				"north": {"uv": [10, 13, 14, 15], "texture": "#0"},
				"east": {"uv": [10, 13, 14, 15], "texture": "#0"},
				"south": {"uv": [10, 13, 14, 15], "texture": "#0"},
				"west": {"uv": [10, 13, 14, 15], "texture": "#0"},
				"up": {"uv": [6, 9, 10, 13], "texture": "#0"}
			}
		},
		{
			"from": [10, 2, 0],
			"to": [12, 3, 4],
			"rotation": {"angle": 0, "axis": "y", "origin": [10, 2, 0]},
			"faces": {
				"north": {"uv": [2, 8, 4, 9], "texture": "#0"},
				"east": {"uv": [2, 8, 6, 9], "texture": "#0"},
				"south": {"uv": [2, 8, 4, 9], "texture": "#0"},
				"west": {"uv": [2, 8, 6, 9], "texture": "#0"},
				"up": {"uv": [2, 8, 6, 10], "rotation": 90, "texture": "#0"}
			}
		},
		{
			"from": [7, 0, 7],
			"to": [11, 4, 11],
			"rotation": {"angle": 0, "axis": "y", "origin": [7, 0, 7]},
			"faces": {
				"north": {"uv": [10, 8, 14, 12], "rotation": 90, "texture": "#0"},
				"east": {"uv": [10, 8, 14, 12], "rotation": 90, "texture": "#0"},
				"south": {"uv": [10, 8, 14, 12], "rotation": 90, "texture": "#0"},
				"west": {"uv": [10, 8, 14, 12], "rotation": 90, "texture": "#0"}
			}
		},
		{
			"from": [7, 4, 7],
			"to": [11, 8, 11],
			"rotation": {"angle": 0, "axis": "y", "origin": [7, 4, 7]},
			"faces": {
				"north": {"uv": [9, 11, 13, 15], "rotation": 90, "texture": "#0"},
				"east": {"uv": [9, 11, 13, 15], "rotation": 90, "texture": "#0"},
				"south": {"uv": [9, 11, 13, 15], "rotation": 90, "texture": "#0"},
				"west": {"uv": [9, 11, 13, 15], "rotation": 90, "texture": "#0"}
			}
		},
		{
			"from": [7, 8, 7],
			"to": [11, 10, 11],
			"rotation": {"angle": 0, "axis": "y", "origin": [7, 8, 7]},
			"faces": {
				"north": {"uv": [6, 4, 10, 6], "texture": "#0"},
				"east": {"uv": [6, 4, 10, 6], "texture": "#0"},
				"south": {"uv": [6, 4, 10, 6], "texture": "#0"},
				"west": {"uv": [6, 4, 10, 6], "texture": "#0"},
				"up": {"uv": [2, 8, 6, 12], "texture": "#0"}
			}
		},
		{
			"from": [8, 10, 8],
			"to": [10, 12, 10],
			"rotation": {"angle": 0, "axis": "y", "origin": [8, 10, 8]},
			"faces": {
				"north": {"uv": [7, 2, 9, 4], "texture": "#0"},
				"east": {"uv": [7, 2, 9, 4], "texture": "#0"},
				"south": {"uv": [7, 2, 9, 4], "texture": "#0"},
				"west": {"uv": [7, 2, 9, 4], "texture": "#0"},
				"up": {"uv": [7, 2, 9, 4], "texture": "#0"}
			}
		},
		{
			"from": [0, 0, 0],
			"to": [16, 0.5, 16],
			"rotation": {"angle": 0, "axis": "y", "origin": [0, 0, 4]},
			"faces": {
				"north": {"uv": [0, 15.5, 16, 16], "texture": "#0"},
				"east": {"uv": [0, 15.5, 16, 16], "texture": "#0"},
				"south": {"uv": [0, 15.5, 16, 16], "texture": "#0"},
				"west": {"uv": [0, 15.5, 16, 16], "texture": "#0"},
				"up": {"uv": [0, 15, 16, 16], "texture": "#0"}
			}
		}
	],
	"display": {},
	"groups": [
		0,
		1,
		2,
		3,
		4,
		5,
		6,
		7,
		8,
		9,
		10,
		11,
		12,
		13,
		14,
		15,
		16,
		{
			"name": "floor",
			"origin": [8, 8, 8],
			"color": 0,
			"children": [17]
		}
	]
}